{
    "ACE": {
        "C": 0.5972,
        "CH3": -0.3662,
        "HH31": 0.1123,
        "HH32": 0.1123,
        "HH33": 0.1123,
        "O": -0.5679
    },
    "ALA": {
        "C": 0.5973,
        "CA": 0.0337,
        "CB": -0.1825,
        "H": 0.2719,
        "HA": 0.0823,
        "HB1": 0.0603,
        "HB2": 0.0603,
        "HB3": 0.0603,
        "N": -0.4157,
        "O": -0.5679
    },
    "ARG": {
        "C": 0.7341,
        "CA": -0.2637,
        "CB": -0.0007,
        "CD": 0.0486,
        "CG": 0.039,
        "CZ": 0.8076,
        "H": 0.2747,
        "HA": 0.156,
        "HB1": 0.0327,
        "HB2": 0.0327,
        "HD1": 0.0687,
        "HD2": 0.0687,
        "HE": 0.3456,
        "HG1": 0.0285,
        "HG2": 0.0285,
        "HH11": 0.4478,
        "HH12": 0.4478,
        "HH21": 0.4478,
        "HH22": 0.4478,
        "N": -0.3479,
        "NE": -0.5295,
        "NH1": -0.8627,
        "NH2": -0.8627,
        "O": -0.5894
    },
    "ASN": {
        "C": 0.5973,
        "CA": 0.0143,
        "CB": -0.2041,
        "CG": 0.713,
        "H": 0.2719,
        "HA": 0.1048,
        "HB1": 0.0797,
        "HB2": 0.0797,
        "HD21": 0.4196,
        "HD22": 0.4196,
        "N": -0.4157,
        "ND2": -0.9191,
        "O": -0.5679,
        "OD1": -0.5931
    },
    "ASP": {
        "C": 0.5366,
        "CA": 0.0381,
        "CB": -0.0303,
        "CG": 0.7994,
        "H": 0.2936,
        "HA": 0.088,
        "HB1": -0.0122,
        "HB2": -0.0122,
        "N": -0.5163,
        "O": -0.5819,
        "OD1": -0.8014,
        "OD2": -0.8014
    },
    "CYS": {
        "C": 0.5973,
        "CA": 0.0213,
        "CB": -0.1231,
        "H": 0.2719,
        "HA": 0.1124,
        "HB1": 0.1112,
        "HB2": 0.1112,
        "HG": 0.1933,
        "N": -0.4157,
        "O": -0.5679,
        "SG": -0.3119
    },
    "DOP": {
        "C": 0.5973,
        "CA": -0.09192,
        "CB": -0.07334,
        "CD1": -0.18682,
        "CD2": -0.33398,
        "CE1": -0.34668,
        "CE2": 0.36462,
        "CG": 0.00415,
        "CZ": 0.25093,
        "H": 0.2719,
        "HA": 0.12423,
        "HB1": 0.07485,
        "HB2": 0.07485,
        "HD1": 0.19644,
        "HD2": 0.21588,
        "HE1": 0.18979,
        "HH1": 0.47708,
        "HH2": 0.47708,
        "N": -0.4157,
        "O": -0.5679,
        "OH1": -0.66648,
        "OH2": -0.63628
    },
    "GLN": {
        "C": 0.5973,
        "CA": -0.0031,
        "CB": -0.0036,
        "CD": 0.6951,
        "CG": -0.0645,
        "H": 0.2719,
        "HA": 0.085,
        "HB1": 0.0171,
        "HB2": 0.0171,
        "HE21": 0.4251,
        "HE22": 0.4251,
        "HG1": 0.0352,
        "HG2": 0.0352,
        "N": -0.4157,
        "NE2": -0.9407,
        "O": -0.5679,
        "OE1": -0.6086
    },
    "GLU": {
        "C": 0.5366,
        "CA": 0.0397,
        "CB": 0.056,
        "CD": 0.8054,
        "CG": 0.0136,
        "H": 0.2936,
        "HA": 0.1105,
        "HB1": -0.0173,
        "HB2": -0.0173,
        "HG1": -0.0425,
        "HG2": -0.0425,
        "N": -0.5163,
        "O": -0.5819,
        "OE1": -0.8188,
        "OE2": -0.8188
    },
    "GLY": {
        "C": 0.5973,
        "CA": -0.0252,
        "H": 0.2719,
        "HA1": 0.0698,
        "HA2": 0.0698,
        "N": -0.4157,
        "O": -0.5679
    },
    "HIE": {
        "C": 0.5973,
        "CA": -0.0581,
        "CB": -0.0074,
        "CD2": -0.2207,
        "CE1": 0.1635,
        "CG": 0.1868,
        "H": 0.2719,
        "HA": 0.136,
        "HB1": 0.0367,
        "HB2": 0.0367,
        "HD2": 0.1862,
        "HE1": 0.1435,
        "HE2": 0.3339,
        "N": -0.4157,
        "ND1": -0.5432,
        "NE2": -0.2795,
        "O": -0.5679
    },
    "HYP": {
        "C": 0.5896,
        "CA": 0.0047,
        "CB": 0.0203,
        "CD2": 0.0595,
        "CG": 0.04,
        "HA": 0.077,
        "HB1": 0.0426,
        "HB2": 0.0426,
        "HD1": 0.3851,
        "HD21": 0.07,
        "HD22": 0.07,
        "HG": 0.0416,
        "N": -0.2548,
        "O": -0.5748,
        "OD1": -0.6134
    },
    "ILE": {
        "C": 0.5973,
        "CA": -0.0597,
        "CB": 0.1303,
        "CD": -0.066,
        "CG1": -0.043,
        "CG2": -0.3204,
        "H": 0.2719,
        "HA": 0.0869,
        "HB": 0.0187,
        "HD1": 0.0186,
        "HD2": 0.0186,
        "HD3": 0.0186,
        "HG11": 0.0236,
        "HG12": 0.0236,
        "HG21": 0.0882,
        "HG22": 0.0882,
        "HG23": 0.0882,
        "N": -0.4157,
        "O": -0.5679
    },
    "LEU": {
        "C": 0.5973,
        "CA": -0.0518,
        "CB": -0.1102,
        "CD1": -0.4121,
        "CD2": -0.4121,
        "CG": 0.3531,
        "H": 0.2719,
        "HA": 0.0922,
        "HB1": 0.0457,
        "HB2": 0.0457,
        "HD11": 0.1,
        "HD12": 0.1,
        "HD13": 0.1,
        "HD21": 0.1,
        "HD22": 0.1,
        "HD23": 0.1,
        "HG": -0.0361,
        "N": -0.4157,
        "O": -0.5679
    },
    "LYS": {
        "C": 0.7341,
        "CA": -0.24,
        "CB": -0.0094,
        "CD": -0.0479,
        "CE": -0.0143,
        "CG": 0.0187,
        "H": 0.2747,
        "HA": 0.1426,
        "HB1": 0.0362,
        "HB2": 0.0362,
        "HD1": 0.0621,
        "HD2": 0.0621,
        "HE1": 0.1135,
        "HE2": 0.1135,
        "HG1": 0.0103,
        "HG2": 0.0103,
        "HZ1": 0.34,
        "HZ2": 0.34,
        "HZ3": 0.34,
        "N": -0.3479,
        "NZ": -0.3854,
        "O": -0.5894
    },
    "MET": {
        "C": 0.5973,
        "CA": -0.0237,
        "CB": 0.0342,
        "CE": -0.0536,
        "CG": 0.0018,
        "H": 0.2719,
        "HA": 0.088,
        "HB1": 0.0241,
        "HB2": 0.0241,
        "HE1": 0.0684,
        "HE2": 0.0684,
        "HE3": 0.0684,
        "HG1": 0.044,
        "HG2": 0.044,
        "N": -0.4157,
        "O": -0.5679,
        "SD": -0.2737
    },
    "NME": {
        "CH3": -0.149,
        "H": 0.2719,
        "HH31": 0.0976,
        "HH32": 0.0976,
        "HH33": 0.0976,
        "N": -0.4157
    },
    "PHE": {
        "C": 0.5973,
        "CA": -0.0024,
        "CB": -0.0343,
        "CD1": -0.1256,
        "CD2": -0.1256,
        "CE1": -0.1704,
        "CE2": -0.1704,
        "CG": 0.0118,
        "CZ": -0.1072,
        "H": 0.2719,
        "HA": 0.0978,
        "HB1": 0.0295,
        "HB2": 0.0295,
        "HD1": 0.133,
        "HD2": 0.133,
        "HE1": 0.143,
        "HE2": 0.143,
        "HZ": 0.1297,
        "N": -0.4157,
        "O": -0.5679
    },
    "PRO": {
        "C": 0.5896,
        "CA": -0.0266,
        "CB": -0.007,
        "CD": 0.0192,
        "CG": 0.0189,
        "HA": 0.0641,
        "HB1": 0.0253,
        "HB2": 0.0253,
        "HD1": 0.0391,
        "HD2": 0.0391,
        "HG1": 0.0213,
        "HG2": 0.0213,
        "N": -0.2548,
        "O": -0.5748
    },
    "SER": {
        "C": 0.5973,
        "CA": -0.0249,
        "CB": 0.2117,
        "H": 0.2719,
        "HA": 0.0843,
        "HB1": 0.0352,
        "HB2": 0.0352,
        "HG": 0.4275,
        "N": -0.4157,
        "O": -0.5679,
        "OG": -0.6546
    },
    "THR": {
        "C": 0.5973,
        "CA": -0.0389,
        "CB": 0.3654,
        "CG2": -0.2438,
        "H": 0.2719,
        "HA": 0.1007,
        "HB": 0.0043,
        "HG1": 0.4102,
        "HG21": 0.0642,
        "HG22": 0.0642,
        "HG23": 0.0642,
        "N": -0.4157,
        "O": -0.5679,
        "OG1": -0.6761
    },
    "TRP": {
        "C": 0.5973,
        "CA": -0.0275,
        "CB": -0.005,
        "CD1": -0.1638,
        "CD2": 0.1243,
        "CE2": 0.138,
        "CE3": -0.2387,
        "CG": -0.1415,
        "CH2": -0.1134,
        "CZ2": -0.2601,
        "CZ3": -0.1972,
        "H": 0.2719,
        "HA": 0.1123,
        "HB1": 0.0339,
        "HB2": 0.0339,
        "HD1": 0.2062,
        "HE1": 0.3412,
        "HE3": 0.17,
        "HH2": 0.1417,
        "HZ2": 0.1572,
        "HZ3": 0.1447,
        "N": -0.4157,
        "NE1": -0.3418,