{"atoms": [[1, "CH3", "ACE", 1, [0.339967, 0.45773], 6], [2, "HH31", "ACE", 1, [0.264953, 0.0656888], 1], [3, "HH32", "ACE", 1, [0.264953, 0.0656888], 1], [4, "HH33", "ACE", 1, [0.264953, 0.0656888], 1], [5, "C", "ACE", 1, [0.339967, 0.359824], 6], [6, "O", "ACE", 1, [0.295992, 0.87864], 8], [7, "N", "ALA", 2, [0.325, 0.71128], 7], [8, "H", "ALA", 2, [0.106908, 0.0656888], 1], [9, "CA", "ALA", 2, [0.339967, 0.45773], 6], [10, "CB", "ALA", 2, [0.339967, 0.45773], 6], [11, "HB1", "ALA", 2, [0.264953, 0.0656888], 1], [12, "HB2", "ALA", 2, [0.264953, 0.0656888], 1], [13, "HB3", "ALA", 2, [0.264953, 0.0656888], 1], [14, "C", "ALA", 2, [0.339967, 0.359824], 6], [15, "O", "ALA", 2, [0.295992, 0.87864], 8], [16, "N", "NME", 3, [0.325, 0.71128], 7], [17, "H", "NME", 3, [0.106908, 0.0656888], 1], [18, "CH3", "NME", 3, [0.339967, 0.45773], 6], [19, "HH31", "NME", 3, [0.247135, 0.0656888], 1], [20, "HH32", "NME", 3, [0.247135, 0.0656888], 1], [21, "HH33", "NME", 3, [0.247135, 0.0656888], 1]], "bonds": [[1, 2], [1, 3], [1, 4], [1, 5], [5, 6], [5, 7], [7, 8], [7, 9], [9, 10], [9, 14], [10, 11], [10, 12], [10, 13], [14, 15], [14, 16], [16, 17], [16, 18], [18, 19], [18, 20], [18, 21]], "radicals": [9]}